Greg Miller,greg,True,False
Tim Gettys,tim,True,False
Nick Scarpino,nick,True,False
Kevin Coello,kevin,True,False
Andy Cortez,andy,True,False
Joey Noelle,joey,True,False
Cool Greg,cool-greg,True,False
Barrett Courtney,barrett,True,False
Blessing Adeoye Jr.,blessing,True,False
Mike Howard,mike,True,False
Roger Pokorny,roger,True,False
Andrea Rene,andrea-rene,False,True
Danny O'Dwyer,danny-odwyer,False,True
Fran Mirabella III,fran-mirabella-iii,False,True
Gary Whitta,gary-whitta,False,True
Imran Khan,imran-khan,False,True
Janet Garcia,janet-garcia,False,True
Jared Petty,jared-petty,False,True
Parris Lilly,parris-lilly,False,True
Tamoor Hussain,tamoor-hussain,False,True
AJ Styles,aj-styles,False,False
ALEXCIT3D,alexcit3d,False,False
Aaron Cortez,aaron-cortez,False,False
Aaron Greenberg,aaron-greenberg,False,False
Abbie Heppe,abbie-heppe,False,False
Abby Russell,abby-russell,False,False
Abubakar Salim,abubakar-salim,False,False
Acknowledge Amanda,acknowledge-amanda,False,False
Adam Bankhurst,adam-bankhurst,False,False
Adam Boyes,adam-boyes,False,False
Adam Cole,adam-cole,False,False
Adam Heart,adam-heart,False,False
Adam Hines,adam-hines,False,False
Adam Kovic,adam-kovic,False,False
Adam Sessler,adam-sessler,False,False
Adam Setapen,adam-setapen,False,False
Adi Shankar,adi-shankar,False,False
Adrian Williams,adrian-williams,False,False
Aiden Strawhun,aiden-strawhun,False,False
Aisha Tyler,aisha-tyler,False,False
Akeem Lawanson,akeem-lawanson,False,False
Al Tribesman,al-tribesman,False,False
Al White,al-white,False,False
Alan Costa,alan-costa,False,False
Alanah Pearce,alanah-pearce,False,False
Albert Penello,albert-penello,False,False
Alejandro Pastor,alejandro-pastor,False,False
Alena Alambeigi,alena-alambeigi,False,False
Alex Aziz,alex-aziz,False,False
Alex Lajas,alex-lajas,False,False
Alex Mendez,alex-mendez,False,False
Alex Navarro,alex-navarro,False,False
Alex O'Neill,alex-oneill,False,False
Alex Rubens,alex-rubens,False,False
Alex Ryan,alex-ryan,False,False
Alex Solomita,alex-solomita,False,False
Alex Van Aken,alex-van-aken,False,False
Alexa Ray Corriea,alexa-ray-corriea,False,False
Alexio (Control Room),alexio-control-room,False,False
Alexis Pence,alexis-pence,False,False
Alexis Waters,alexis-waters,False,False
Alfredo Diaz,alfredo-diaz,False,False
Allison Raskin,allison-raskin,False,False
Alyssa Kanoelani,alyssa-kanoelani,False,False
Amanda Farough,amanda-farough,False,False
Amanda Macuga,amanda-macuga,False,False
Amy Johnston,amy-johnston,False,False
Andre Segers,andre-segers,False,False
AndresRestart,andresrestart,False,False
Andrew Alliance,andrew-alliance,False,False
Andrew Goldfarb,andrew-goldfarb,False,False
Andrew McLean,andrew-mclean,False,False
Andrew W.K.,andrew-wk,False,False
Andy Asimakis,andy-asimakis,False,False
Andy McNamara,andy-mcnamara,False,False
Andy Serkis,andy-serkis,False,False
Angelica Trae,angelica-trae,False,False
Anna Sale,anna-sale,False,False
Anthony Candito,anthony-candito,False,False
Anthony Carboni,anthony-carboni,False,False
Anthony Gallegos,anthony-gallegos,False,False
Anthony Ingruber,anthony-ingruber,False,False
Anthony Rapp,anthony-rapp,False,False
Anton Albiin,anton-albiin,False,False
Arif Zahir,arif-zahir,False,False
Arthur Parsons,arthur-parsons,False,False
Asa Gray,asa-gray,False,False
Asa GreenRiver,asa-greenriver,False,False
Ash Habib,ash-habib,False,False
Ash Paulsen,ash-paulsen,False,False
Ashley Jenkins,ashley-jenkins,False,False
Ashley Johnson,ashley-johnson,False,False
Ashley Ringrose,ashley-ringrose,False,False
Ashly Burch,ashly-burch,False,False
Atheenabean,atheenabean,False,False
Augusto Quijano,augusto-quijano,False,False
Austin Carr,austin-carr,False,False
Austin Creed,austin-creed,False,False
Austin Ekeler,austin-ekeler,False,False
Australian Hunter,australian-hunter,False,False
Ava Gordy,ava-gordy,False,False
Bannon Rudis,bannon-rudis,False,False
Barbara Dunkelman,barbara-dunkelman,False,False
BasicallyIDoWrk,basicallyidowrk,False,False
Bayley (WWE),bayley-wwe,False,False
BeanzGotGamez,beanzgotgamez,False,False
Belinda Garcia,belinda-garcia,False,False
Ben Esposito,ben-esposito,False,False
Ben Hanson,ben-hanson,False,False
Ben Judd,ben-judd,False,False
Ben Runnings,ben-runnings,False,False
Ben Starr,ben-starr,False,False
Ben Wang,ben-wang,False,False
Benjamin Miller,benjamin-miller,False,False
Benjamin Watts,benjamin-watts,False,False
Benji-Sales,benji-sales,False,False
Benni Hill,benni-hill,False,False
Benny Potter,benny-potter,False,False
Bethany Feinstein,bethany-feinstein,False,False
Big E,big-e,False,False
Bill Rosemann,bill-rosemann,False,False
Bill Trinen,bill-trinen,False,False
Billy Basso,billy-basso,False,False
Billy West,billy-west,False,False
Blaine Gibson,blaine-gibson,False,False
Blair Herter,blair-herter,False,False
Blizzb3ar,blizzb3ar,False,False
Bonzai Studios,bonzai-studios,False,False
Bradley Ellis,bradley-ellis,False,False
Brandon (HBO Mak's),brandon-hbo-maks,False,False
Brandon Cole,brandon-cole,False,False
Brandon Jones,brandon-jones,False,False
Brandon Sheffield,brandon-sheffield,False,False
Braun Strowman,braun-strowman,False,False
Brendan Graeber,brendan-graeber,False,False
Bret Griffen,bret-griffen,False,False
Brian Albert,brian-albert,False,False
Brian Altano,brian-altano,False,False
Brian Foster,brian-foster,False,False
Brian Horton,brian-horton,False,False
Brian Jarrard,brian-jarrard,False,False
Brian Lacount,brian-lacount,False,False
Brianne Chandler,brianne-chandler,False,False
Brittney Brombacher,brittney-brombacher,False,False
Bronson Zgeb,bronson-zgeb,False,False
Bruce Campbell,bruce-campbell,False,False
Bruce Greene,bruce-greene,False,False
Bryan Intihar,bryan-intihar,False,False
Bryce Cochrane,bryce-cochrane,False,False
Burnie Burns,burnie-burns,False,False
CJ Gibson,cj-gibson,False,False
Caelan (Aggro Crab),caelan-aggro-crab,False,False
Cam Hawkins,cam-hawkins,False,False
Cameron Cuffe,cameron-cuffe,False,False
Cameron Kennedy,cameron-kennedy,False,False
Carli Velocci,carli-velocci,False,False
Carlos Rodriguez,carlos-rodriguez,False,False
Carolina Ravassa,carolina-ravassa,False,False
Caroline Marchal,caroline-marchal,False,False
Carolyn Petit,carolyn-petit,False,False
Carter Harrell,carter-harrell,False,False
Casey DeFreitas,casey-defreitas,False,False
Chad Moldenhauer,chad-moldenhauer,False,False
Chandana Ekanayake,chandana-ekanayake,False,False
Charles Brungardt,charles-brungardt,False,False
Charlotte Cardin,charlotte-cardin,False,False
Chastity Vicencio,chastity-vicencio,False,False
Chelsea Blasko,chelsea-blasko,False,False
Chester Cheetah,chester-cheetah,False,False
Chiko (Nintendo),chiko-nintendo,False,False
Chin Han,chin-han,False,False
Chloe Alcock,chloe-alcock,False,False
Chloe Dykstra,chloe-dykstra,False,False
Chloe Naylor,chloe-naylor,False,False
Chloe the Dumb Cat,chloe-the-dumb-cat,False,False
Chris Bergman,chris-bergman,False,False
Chris Charla,chris-charla,False,False
Chris Demarais,chris-demarais,False,False
Chris Floyd,chris-floyd,False,False
Chris Hansen,chris-hansen,False,False
Chris Johnston,chris-johnston,False,False
Chris Kohler,chris-kohler,False,False
Chris Kohnert,chris-kohnert,False,False
Chris Linn,chris-linn,False,False
Chris McQuinn,chris-mcquinn,False,False
Chris Scullion,chris-scullion,False,False
Chris Tilton,chris-tilton,False,False
Chris Tornow,chris-tornow,False,False
Chris Watters,chris-watters,False,False
Chris Yates,chris-yates,False,False
Chris Yonker,chris-yonker,False,False
Christan Cantamessa,christan-cantamessa,False,False
Christian Phillips,christian-phillips,False,False
Christian Spicer,christian-spicer,False,False
Christina Parrish,christina-parrish,False,False
Christine Lakin,christine-lakin,False,False
Christopher Elliott,christopher-elliott,False,False
Christopher Erb,christopher-erb,False,False
Chuck Osieja,chuck-osieja,False,False
Cissy Jones Lin,cissy-jones-lin,False,False
Claudia Black,claudia-black,False,False
Clayton James,clayton-james,False,False
Cliff Bleszinski,cliff-bleszinski,False,False
Colin Campbell,colin-campbell,False,False
Colin Moriarty,colin-moriarty,False,False
Colt Eastwood,colt-eastwood,False,False
Comic Book Girl 19,comic-book-girl-19,False,False
Connor Casey,connor-casey,False,False
Cool Greg's Friend,cool-gregs-friend,False,False
Cooper Bibaud,cooper-bibaud,False,False
Cory Barlog,cory-barlog,False,False
Craig Skistimas,craig-skistimas,False,False
Crash Bandicoot,crash-bandicoot,False,False
Cristina Amaya,cristina-amaya,False,False
Curran Wong,curran-wong,False,False
DJ Wooldridge,dj-wooldridge,False,False
Daemon Hatfield,daemon-hatfield,False,False
Dagan Moriarty,dagan-moriarty,False,False
Dagger,dagger,False,False
Dalton Anthony,dalton-anthony,False,False
Dameon Clarke,dameon-clarke,False,False
Damien Aguirre,damien-aguirre,False,False
Damien Haas,damien-haas,False,False
Damon Baker,damon-baker,False,False
Damoun Shabestari,damoun-shabestari,False,False
Dan (Nintendo),dan-nintendo,False,False
Dan Adelman,dan-adelman,False,False
Dan Casey,dan-casey,False,False
Dan Fogler,dan-fogler,False,False
Dan Ryckert,dan-ryckert,False,False
Dan Tanguay,dan-tanguay,False,False
Dani Fernandez,dani-fernandez,False,False
Daniel Bloodworth,daniel-bloodworth,False,False
Daniel Krupa,daniel-krupa,False,False
Danielle Marcus-Janssen,danielle-marcus-janssen,False,False
Danielle Riendeau,danielle-riendeau,False,False
Danny Garfield,danny-garfield,False,False
Danny Jolles,danny-jolles,False,False
Danny Mac,danny-mac,False,False
Danny Peña,danny-pena,False,False
Danny Shepherd,danny-shepherd,False,False
Danny Thompson,danny-thompson,False,False
Darren Bridges,darren-bridges,False,False
Darshelle Stevens,darshelle-stevens,False,False
Dave Crouse,dave-crouse,False,False
Dave Fennoy,dave-fennoy,False,False
Dave Lang,dave-lang,False,False
David (KFBF),david-kfbf,False,False
David Ballard,david-ballard,False,False
David Brevik,david-brevik,False,False
David Cage,david-cage,False,False
David Dino,david-dino,False,False
David Fenn,david-fenn,False,False
David Jaffe,david-jaffe,False,False
David Jagneaux,david-jagneaux,False,False
David Mandel,david-mandel,False,False
David Mertz,david-mertz,False,False
DeVante Chisolm,devante-chisolm,False,False
Deborah (Paranormal Investigator),deborah-paranormal-investigator,False,False
Del Walker,del-walker,False,False
Demetrious Johnson,demetrious-johnson,False,False
Derek Ruffin,derek-ruffin,False,False
Derek Yu,derek-yu,False,False
Destin Legarie,destin-legarie,False,False
Devin Hanssen,devin-hanssen,False,False
Devon Sawa,devon-sawa,False,False
Dianna Lora,dianna-lora,False,False
Dirk Van Welden,dirk-van-welden,False,False
Dj Mr Lee,dj-mr-lee,False,False
Dominic Robillard,dominic-robillard,False,False
Donald Mustard,donald-mustard,False,False
Dwayne Johnson,dwayne-johnson,False,False
Echo Kellum,echo-kellum,False,False
Eiro Shirahama,eiro-shirahama,False,False
Elaine Gómez,elaine-gomez,False,False
Elias Toufexis,elias-toufexis,False,False
Eliza Roberts,eliza-roberts,False,False
Elizabeth Tulloch,elizabeth-tulloch,False,False
Elyse Willems,elyse-willems,False,False
Emily Rose,emily-rose,False,False
Emma Kidwell,emma-kidwell,False,False
Eric Goldman,eric-goldman,False,False
Eric Jensen,eric-jensen,False,False
Eric Marchen,eric-marchen,False,False
Eric Roberts,eric-roberts,False,False
Eric Williams,eric-williams,False,False
Erick Castro,erick-castro,False,False
Erik Voss,erik-voss,False,False
Erin A Simon,erin-a-simon,False,False
Erin Fitzgerald,erin-fitzgerald,False,False
Erin Lacount,erin-lacount,False,False
Farid Haji,farid-haji,False,False
Felicia Day,felicia-day,False,False
Filip Miucin,filip-miucin,False,False
Finn Balor,finn-balor,False,False
FletchVoice,fletchvoice,False,False
Frank Cifaldi,frank-cifaldi,False,False
Frankie Lopez,frankie-lopez,False,False
Freddie Wong,freddie-wong,False,False
Fuego Del Sol,fuego-del-sol,False,False
Funke Joseph,funke-joseph,False,False
Gabe Patillo,gabe-patillo,False,False
Gabriel Farfán,gabriel-farfan,False,False
Gabrielle Thomas,gabrielle-thomas,False,False
Gaby Dunn,gaby-dunn,False,False
Gav Murphy,gav-murphy,False,False
Gavin Free,gavin-free,False,False
Gavin Hammon,gavin-hammon,False,False
Gene Luen Yang,gene-luen-yang,False,False
Geneviève St-Onge,genevieve-st-onge,False,False
Geoff Contes,geoff-contes,False,False
Geoff Keighley,geoff-keighley,False,False
Geoff Ramsey,geoff-ramsey,False,False
George Buckenham,george-buckenham,False,False
Gia Harris,gia-harris,False,False
Giancarlo Valdes,giancarlo-valdes,False,False
Gil (Nintendo),gil-nintendo,False,False
Gio Corsi,gio-corsi,False,False
Gita Jackson,gita-jackson,False,False
Glen Schofield,glen-schofield,False,False
Graham Smith,graham-smith,False,False
Grant Gustin,grant-gustin,False,False
Greg Bent,greg-bent,False,False
Greg Canessa,greg-canessa,False,False
Greg Kasavin,greg-kasavin,False,False
Greg Kislowski,greg-kislowski,False,False
Greg Louden,greg-louden,False,False
Greg Rice,greg-rice,False,False
Greyson Watkins,greyson-watkins,False,False
Griffon Ramsey,griffon-ramsey,False,False
Grimecraft,grimecraft,False,False
Gus Sorola,gus-sorola,False,False
Harley Morenstein,harley-morenstein,False,False
Harry Krueger,harry-krueger,False,False
Hendrik du Toit,hendrik-du-toit,False,False
Herman Hulst,herman-hulst,False,False
Hideo Kojima,hideo-kojima,False,False
Hinano Akiyama,hinano-akiyama,False,False
Hollie Emery,hollie-emery,False,False
Holly (ThatBlueNumber),holly-thatbluenumber,False,False
Hunter Pence,hunter-pence,False,False
Hyrum Reed,hyrum-reed,False,False
IJustine,ijustine,False,False
Ian Campbell,ian-campbell,False,False
Ify Nwadiwe,ify-nwadiwe,False,False
Ignacio Rojas,ignacio-rojas,False,False
Isla Hinck,isla-hinck,False,False
Ivan Bell,ivan-bell,False,False
JT Petty,jt-petty,False,False
Jack (Po's Son),jack-pos-son,False,False
Jack Buser,jack-buser,False,False
Jack Conte,jack-conte,False,False
Jack Pattillo,jack-pattillo,False,False
Jack Quaid,jack-quaid,False,False
Jack Settleman,jack-settleman,False,False
Jack Tretton,jack-tretton,False,False
Jacki Jing,jacki-jing,False,False
Jackie Butler,jackie-butler,False,False
Jacob Dekker,jacob-dekker,False,False
Jacob Navok,jacob-navok,False,False
Jacob Spellman,jacob-spellman,False,False
Jada Griffin,jada-griffin,False,False
Jake Baldino,jake-baldino,False,False
Jake Bennett,jake-bennett,False,False
Jake Green,jake-green,False,False
Jake Rodkin,jake-rodkin,False,False
Jake Solomon,jake-solomon,False,False
James (Translator),james-translator,False,False
James Burke,james-burke,False,False
James Deighan,james-deighan,False,False
James Nickerson,james-nickerson,False,False
James Schuler,james-schuler,False,False
James Willems,james-willems,False,False
Jamie Kennedy,jamie-kennedy,False,False
Janina Gavankar,janina-gavankar,False,False
Jared Gerritzen,jared-gerritzen,False,False
Jarrett Green,jarrett-green,False,False
Jason Buuck,jason-buuck,False,False
Jason Hales,jason-hales,False,False
Jason Ronald,jason-ronald,False,False
Jason Schreier,jason-schreier,False,False
Javy Gwaltney,javy-gwaltney,False,False
Jean-Luc Cano,jean-luc-cano,False,False
Jeff Cannata,jeff-cannata,False,False
Jeff Dye,jeff-dye,False,False
Jeff Gerstmann,jeff-gerstmann,False,False
Jeff Grubb,jeff-grubb,False,False
Jeff Jarrett,jeff-jarrett,False,False
Jeff Ross,jeff-ross,False,False
Jeff Sangalli,jeff-sangalli,False,False
Jeff Strain,jeff-strain,False,False
Jeffrey Vega,jeffrey-vega,False,False
Jenn Sandercock,jenn-sandercock,False,False
Jennifer Hale,jennifer-hale,False,False
Jennifer Locke,jennifer-locke,False,False
Jennifer Oneal,jennifer-oneal,False,False
Jeremy Dunham,jeremy-dunham,False,False
Jeremy Lee,jeremy-lee,False,False
Jeremy Russo,jeremy-russo,False,False
Jerica Hannah,jerica-hannah,False,False
Jerry Lawler,jerry-lawler,False,False
Jerry O'Connell,jerry-oconnell,False,False
Jess Howard,jess-howard,False,False
Jess Kovic,jess-kovic,False,False
Jesse Rapczak,jesse-rapczak,False,False
Jessica Nigri,jessica-nigri,False,False
Jessica Sanchez,jessica-sanchez,False,False
Jez Corden,jez-corden,False,False
Jill Grodt,jill-grodt,False,False
Jim McCambridge,jim-mccambridge,False,False
Jim Reilly,jim-reilly,False,False
Jim Sterling,jim-sterling,False,False
Jimmy Wong,jimmy-wong,False,False
Jinder Mahal,jinder-mahal,False,False
Jirard Khalil,jirard-khalil,False,False
Job Stauffer,job-stauffer,False,False
Joe (Comic Shop),joe-comic-shop,False,False
Joe Neate,joe-neate,False,False
Joe Tirado,joe-tirado,False,False
Joey Fatone,joey-fatone,False,False
John Carle,john-carle,False,False
John Carson,john-carson,False,False
John Drake,john-drake,False,False
John Fick,john-fick,False,False
John Garvin,john-garvin,False,False
John Hardin,john-hardin,False,False
John Phipps,john-phipps,False,False
John Vignocchi,john-vignocchi,False,False
Johnnemann Nordhagen,johnnemann-nordhagen,False,False
Johnny Ace,johnny-ace,False,False
Jon Risinger,jon-risinger,False,False
Jon Ryan,jon-ryan,False,False
Jon Smith,jon-smith,False,False
Jon Warner,jon-warner,False,False
Jonathan Schenker,jonathan-schenker,False,False
Jonathon Dornbush,jonathon-dornbush,False,False
Jordan Maynard,jordan-maynard,False,False
Jordan Middler,jordan-middler,False,False
Jordan Peele,jordan-peele,False,False
Jordan Ramée,jordan-ramee,False,False
Jordan Town,jordan-town,False,False
Jordy Velasquez,jordy-velasquez,False,False
Jose Sanchez,jose-sanchez,False,False
Joseph Knoop,joseph-knoop,False,False
Joseph Staten,joseph-staten,False,False
Josh Elkin,josh-elkin,False,False
Josh Fairhurst,josh-fairhurst,False,False
Josh Flanagan,josh-flanagan,False,False
Josh Harrison,josh-harrison,False,False
Josh Macuga,josh-macuga,False,False
Josh Sawyer,josh-sawyer,False,False
Josh Silverman,josh-silverman,False,False
Josh Stein,josh-stein,False,False
Josh Yeager,josh-yeager,False,False
Joshua Ovenshire,joshua-ovenshire,False,False
Josiah LeRoy,josiah-leroy,False,False
Jules Hardy,jules-hardy,False,False
Julian Gerighty,julian-gerighty,False,False
Julie Tapley,julie-tapley,False,False
Jurge Cruz-Alvarez,jurge-cruz-alvarez,False,False
Just For Games,just-for-games,False,False
Justin Davis,justin-davis,False,False
Justin Richmond,justin-richmond,False,False
Justin Roiland,justin-roiland,False,False
Justin Stanley,justin-stanley,False,False
Justin Toft,justin-toft,False,False
Justin Woodward,justin-woodward,False,False
KBABZonTV,kbabzontv,False,False
Kahlief Adams,kahlief-adams,False,False
Kallie Plagge,kallie-plagge,False,False
Kara Eberle,kara-eberle,False,False
Karen Fukuhara,karen-fukuhara,False,False
Karl Jacobs,karl-jacobs,False,False
Karrie Shao,karrie-shao,False,False
Kat Bailey,kat-bailey,False,False
Kat Baily,kat-baily,False,False
Kate Sánchez,kate-sanchez,False,False
Kayla Braxton,kayla-braxton,False,False
Kayla Gray,kayla-gray,False,False
Kazutaka Kodaka,kazutaka-kodaka,False,False
Keiji Inafune,keiji-inafune,False,False
Ken Lieter,ken-lieter,False,False
Ken Napzok,ken-napzok,False,False
Kevin Neil,kevin-neil,False,False
Kevin Reid,kevin-reid,False,False
Kevin Smith,kevin-smith,False,False
Keza MacDonald,keza-macdonald,False,False
Kieron Gillen,kieron-gillen,False,False
Kim Edwards,kim-edwards,False,False
Kofi Kingston,kofi-kingston,False,False
Koji Igarashi,koji-igarashi,False,False
Kootra,kootra,False,False
Kory McMaster,kory-mcmaster,False,False
Kory Stotesbery,kory-stotesbery,False,False
Kris Anka,kris-anka,False,False
Kristine Steimer,kristine-steimer,False,False
Krysta Yang,krysta-yang,False,False
Kurt Angle,kurt-angle,False,False
Kurtis (KFBF),kurtis-kfbf,False,False
Kyle Feduniw,kyle-feduniw,False,False
Kyle Hilliard,kyle-hilliard,False,False
Kyle Stephenson,kyle-stephenson,False,False
LandBoatJack,landboatjack,False,False
Laura Bailey,laura-bailey,False,False
Laura Kate Dale,laura-kate-dale,False,False
Lauren Wilson,lauren-wilson,False,False
Lawrence Sonntag,lawrence-sonntag,False,False
Leanza,leanza,False,False
Lee Petty,lee-petty,False,False
Leighton Gray,leighton-gray,False,False
Lenny (Guardian),lenny-guardian,False,False
Liana Ruppert,liana-ruppert,False,False
Lindsay Jones,lindsay-jones,False,False
Lindsey Washburn,lindsey-washburn,False,False
Lisa Wallen,lisa-wallen,False,False
LittleSiha,littlesiha,False,False
Logic,logic,False,False
Lola Shiraishi,lola-shiraishi,False,False
Lord Cognito,lord-cognito,False,False
Lord Steezus,lord-steezus,False,False
Lorne Lanning,lorne-lanning,False,False
Lucy Camp,lucy-camp,False,False
Lucy James,lucy-james,False,False
Luis Antonio,luis-antonio,False,False
Luis Medina,luis-medina,False,False
Luis Menchaca,luis-menchaca,False,False
Luke Lohr,luke-lohr,False,False
Luke Smith,luke-smith,False,False
M.H. Williams,mh-williams,False,False
M.K. Gibson,mk-gibson,False,False
MT,mt,False,False
Maddock Jr.,maddock-jr,False,False
Maja Moldenhauer,maja-moldenhauer,False,False
Major Nelson,major-nelson,False,False
Makenna (HBO Mak's),makenna-hbo-maks,False,False
Mal Smith,mal-smith,False,False
Manon Gage,manon-gage,False,False
Marc Schechter,marc-schechter,False,False
Marcus Forsmoo,marcus-forsmoo,False,False
Mari Takahashi,mari-takahashi,False,False
Mario Piacquadio,mario-piacquadio,False,False
Mario Rivera,mario-rivera,False,False
Marisha Ray,marisha-ray,False,False
Mark Bozon,mark-bozon,False,False
Mark Ellis,mark-ellis,False,False
Mark Foster,mark-foster,False,False
Mark MacDonald,mark-macdonald,False,False
Mark Norris,mark-norris,False,False
Mark Smalls,mark-smalls,False,False
Martin Montgomery,martin-montgomery,False,False
Marty Sliva,marty-sliva,False,False
Mat Kraemer,mat-kraemer,False,False
Matt Batson,matt-batson,False,False
Matt Booty,matt-booty,False,False
Matt Bozon,matt-bozon,False,False
Matt Rorabeck,matt-rorabeck,False,False
Matt Scarpino,matt-scarpino,False,False
Matt T. Wood,matt-t-wood,False,False
Matt Walker,matt-walker,False,False
Matthew Gallant,matthew-gallant,False,False
Matthew Marcon,matthew-marcon,False,False
Matthew Mercer,matthew-mercer,False,False
Matty Kerr,matty-kerr,False,False
Max Kaufmann,max-kaufmann,False,False
Max Scoville,max-scoville,False,False
Maxwell Boughton,maxwell-boughton,False,False
Media Molecule,media-molecule,False,False
Meg McCurdy,meg-mccurdy,False,False
Meg Turney,meg-turney,False,False
Mega Ran,mega-ran,False,False
Megan Lutz,megan-lutz,False,False
Meghan Sullivan,meghan-sullivan,False,False
Melissa Hutchison,melissa-hutchison,False,False
Mia Khalifa,mia-khalifa,False,False
Mica Burton,mica-burton,False,False
Michael Davis,michael-davis,False,False
Michael Higham,michael-higham,False,False
Michael Huber,michael-huber,False,False
Michael Jones,michael-jones,False,False
Michael Leri,michael-leri,False,False
Michael Rosenbaum,michael-rosenbaum,False,False
Michael Schorr,michael-schorr,False,False
Michel Koch,michel-koch,False,False
Mick Abrahamson,mick-abrahamson,False,False
Mikael Haveri,mikael-haveri,False,False
Mike Aransky,mike-aransky,False,False
Mike Bithell,mike-bithell,False,False
Mike Brown,mike-brown,False,False
Mike Camp,mike-camp,False,False
Mike Chapman,mike-chapman,False,False
Mike Doherty,mike-doherty,False,False
Mike Drucker,mike-drucker,False,False
Mike Forte,mike-forte,False,False
Mike Gaboury,mike-gaboury,False,False
Mike Gamble,mike-gamble,False,False
Mike Jones,mike-jones,False,False
Mike Mahardy,mike-mahardy,False,False
Mike Mamon,mike-mamon,False,False
Mike Mika,mike-mika,False,False
Mike Mitchell,mike-mitchell,False,False
Mike Sanders,mike-sanders,False,False
Mikey Phillips,mikey-phillips,False,False
Mikey Spano,mikey-spano,False,False
Miles Dompier,miles-dompier,False,False
Mina Kimes,mina-kimes,False,False
Ming Chen,ming-chen,False,False
Miranda Sanchez,miranda-sanchez,False,False
Mitch Dyer,mitch-dyer,False,False
Mitchell Saltzman,mitchell-saltzman,False,False
Mr. Midas,mr-midas,False,False
Murs,murs,False,False
Nancie the Makeup Lady,nancie-the-makeup-lady,False,False
Nancy Lam,nancy-lam,False,False
Naoki Hamaguchi,naoki-hamaguchi,False,False
Naomi Kyle,naomi-kyle,False,False
Natalie Flores,natalie-flores,False,False
Nate Bihldorff,nate-bihldorff,False,False
Nate Fox,nate-fox,False,False
Nathan Baseley,nathan-baseley,False,False
Nathan Brandt,nathan-brandt,False,False
Nathan Swisher,nathan-swisher,False,False
Nathan Vella,nathan-vella,False,False
Neha Chintala,neha-chintala,False,False
Neil Druckmann,neil-druckmann,False,False
Nick Kaman,nick-kaman,False,False
Nick Miller,nick-miller,False,False
Nick Robinson,nick-robinson,False,False
Nick Suttner,nick-suttner,False,False
Niki Grayson,niki-grayson,False,False
Nina Freeman,nina-freeman,False,False
Nolan North,nolan-north,False,False
Norman Reedus,norman-reedus,False,False
Nyle Usmani,nyle-usmani,False,False
O'Dell Harmon Jr.,odell-harmon-jr,False,False
O'Neal Johnson,oneal-johnson,False,False
Olive Party,olive-party,False,False
Oscar Sanchez,oscar-sanchez,False,False
Ovilee May,ovilee-may,False,False
Pac-Man,pac-man,False,False
Pandamusk,pandamusk,False,False
Party Petah,party-petah,False,False
Patreon Exclusive (Games),patreon-exclusive-games,False,False
Patreon Exclusive (Prime),patreon-exclusive-prime,False,False
Patricia Hernandez,patricia-hernandez,False,False
Patrick Fortier,patrick-fortier,False,False
Patrick Klepek,patrick-klepek,False,False
Patrick Shanley,patrick-shanley,False,False
Patrick Willis,patrick-willis,False,False
Paul Hartling,paul-hartling,False,False
Paul Joyce,paul-joyce,False,False
Paula Coello,paula-coello,False,False
Peer Schneider,peer-schneider,False,False
Pete Hines,pete-hines,False,False
Peter Brown,peter-brown,False,False
Peyton Blake,peyton-blake,False,False
Phil DeFranco,phil-defranco,False,False
Phil Spencer,phil-spencer,False,False
Philippe Morin,philippe-morin,False,False
Po (Greg's Friend),po-gregs-friend,False,False
Portillo,portillo,False,False
Professor McGonagall,professor-mcgonagall,False,False
Rahul Kohli,rahul-kohli,False,False
Ramon Narvaez,ramon-narvaez,False,False
Ramone Russell,ramone-russell,False,False
Rand al Thor 19,rand-al-thor-19,False,False
Raoul Barbet,raoul-barbet,False,False
Raven Simone,raven-simone,False,False
Ray Narvaez,ray-narvaez,False,False
Raymond (Nintendo),raymond-nintendo,False,False
Rebekah Valentine,rebekah-valentine,False,False
Reggie Fils-Aime,reggie-fils-aime,False,False
Reilly Brennan,reilly-brennan,False,False
Renee Paquette,renee-paquette,False,False
Rex Crowle,rex-crowle,False,False
Riana Manuel,riana-manuel,False,False
Rich Briggs,rich-briggs,False,False
Richard McGonagle,richard-mcgonagle,False,False
Richard Truong,richard-truong,False,False
Richelle Aurora,richelle-aurora,False,False
Richie Nakano,richie-nakano,False,False
Rico Ferreira,rico-ferreira,False,False
Riley Cooper,riley-cooper,False,False
Riley Hopkins,riley-hopkins,False,False
Rob Paulsen,rob-paulsen,False,False
Robert Conkey,robert-conkey,False,False
Robert Kirkman,robert-kirkman,False,False
Robert Peeler,robert-peeler,False,False
Robin Hunicke,robin-hunicke,False,False
Rocco Botte,rocco-botte,False,False
Rod Fergusson,rod-fergusson,False,False
Ron Funches,ron-funches,False,False
Ron Gilbert,ron-gilbert,False,False
Ronald McDonald,ronald-mcdonald,False,False
Ronnie Hobbs,ronnie-hobbs,False,False
Rory Powers,rory-powers,False,False
Russ Frushtick,russ-frushtick,False,False
Ryan Brandt,ryan-brandt,False,False
Ryan Brown,ryan-brown,False,False
Ryan Clements,ryan-clements,False,False
Ryan Colt Levy,ryan-colt-levy,False,False
Ryan Condal,ryan-condal,False,False
Ryan Jamerson,ryan-jamerson,False,False
Ryan McCaffrey,ryan-mccaffrey,False,False
Ryan Payton,ryan-payton,False,False
Ryan Penagos,ryan-penagos,False,False
S.J. Mueller,sj-mueller,False,False
Saige Ryan,saige-ryan,False,False
Saint Cola,saint-cola,False,False
Sam (Nintendo),sam-nintendo,False,False
Sam Barlow,sam-barlow,False,False
Sam Claiborn,sam-claiborn,False,False
Sam Lake,sam-lake,False,False
Sam Leichtamer,sam-leichtamer,False,False
Sam Richardson,sam-richardson,False,False
Sam Roberts,sam-roberts,False,False
Samoa Joe,samoa-joe,False,False
SanchoWest,sanchowest,False,False
Sandra Saad,sandra-saad,False,False
Santa Claus,santa-claus,False,False
SantiZap,santizap,False,False
Sara Alfageeh,sara-alfageeh,False,False
Sarah Bond,sarah-bond,False,False
Sasha Banks,sasha-banks,False,False
Scott Bromley,scott-bromley,False,False
Scott Domingues,scott-domingues,False,False
Scott Lowe,scott-lowe,False,False
Scott Porter,scott-porter,False,False
Scott Rohde,scott-rohde,False,False
Seamus Blackly,seamus-blackly,False,False
Sean Capri,sean-capri,False,False
Sean Finnegan,sean-finnegan,False,False
Sean Krankel,sean-krankel,False,False
Sean Murray,sean-murray,False,False
Sean Vanaman,sean-vanaman,False,False
Seb Liese,seb-liese,False,False
Serena Whitta,serena-whitta,False,False
Shana Bryant,shana-bryant,False,False
Shane McMahon,shane-mcmahon,False,False
Shannon Liao,shannon-liao,False,False
Shannon Studstill,shannon-studstill,False,False
Shannon Woodward,shannon-woodward,False,False
Shaquille O'Neal,shaquille-oneal,False,False
Shari Hakim,shari-hakim,False,False
Shaun Bolen,shaun-bolen,False,False
Shawn Kittelsen,shawn-kittelsen,False,False
Shea Mayo,shea-mayo,False,False
Sherveen Uduwana,sherveen-uduwana,False,False
Shiaw-Ling Lai,shiaw-ling-lai,False,False
Shirtless Spider-Man,shirtless-spider-man,False,False
Shonda Austin,shonda-austin,False,False
Shuhei Yoshida,shuhei-yoshida,False,False
Shyla Schofield,shyla-schofield,False,False
Simon Boxer,simon-boxer,False,False
Simon Cardy,simon-cardy,False,False
Simon Miller,simon-miller,False,False
Sina Grace,sina-grace,False,False
Siobhan Reddy,siobhan-reddy,False,False
SisQo,sisqo,False,False
Sloane Earl,sloane-earl,False,False
Soul (Nintendo),soul-nintendo,False,False
Stella Chung,stella-chung,False,False
Stephan Bugaj,stephan-bugaj,False,False
Stephanie Bayer,stephanie-bayer,False,False
Stephen Fontana,stephen-fontana,False,False
Steve Bowling,steve-bowling,False,False
Steve Butts,steve-butts,False,False
Steve Gaynor,steve-gaynor,False,False
Steve Saylor,steve-saylor,False,False
Steve Scott,steve-scott,False,False
Steve Spohn,steve-spohn,False,False
Steve Superville,steve-superville,False,False
Steve Zaragoza,steve-zaragoza,False,False
Steven (KFBF),steven-kfbf,False,False
Steven Brown,steven-brown,False,False
Steven Ogg,steven-ogg,False,False
Steven Spohn,steven-spohn,False,False
Steven Suptic,steven-suptic,False,False
Stu Byus,stu-byus,False,False
Stuart (KFBF),stuart-kfbf,False,False
Suriel Vasquez,suriel-vasquez,False,False
Sydnee Goodman,sydnee-goodman,False,False
Tam Armstrong,tam-armstrong,False,False
Tasha Ratzlaff,tasha-ratzlaff,False,False
Taylor Lyles,taylor-lyles,False,False
Teegan (LiteWeight Gaming),teegan-liteweight-gaming,False,False
Terroriser,terroriser,False,False
Theodor Diea,theodor-diea,False,False
Thierry Boulanger,thierry-boulanger,False,False
Thom Peeler,thom-peeler,False,False
Thomas Puha,thomas-puha,False,False
Tim Schafer,tim-schafer,False,False
Tina Amini,tina-amini,False,False
Todd Howard,todd-howard,False,False
Tom Bock,tom-bock,False,False
Tom Hawkins,tom-hawkins,False,False
Tom Marks,tom-marks,False,False
Tom Russo,tom-russo,False,False
Tonedeff,tonedeff,False,False
Tony Adams,tony-adams,False,False
Tony Grayson,tony-grayson,False,False
Travis Willingham,travis-willingham,False,False
Trevor Starkey,trevor-starkey,False,False
Trisha Hershberger,trisha-hershberger,False,False
Troy Baker,troy-baker,False,False
Tyler Coe,tyler-coe,False,False
Venba Game,venba-game,False,False
Vernon Shaw,vernon-shaw,False,False
Veronica Belmont,veronica-belmont,False,False
Victor Lucas,victor-lucas,False,False
Victoria Tran,victoria-tran,False,False
Vince Ingenito,vince-ingenito,False,False
Walt Williams,walt-williams,False,False
Watto,watto,False,False
Wells Adams,wells-adams,False,False
Wes Reinitz,wes-reinitz,False,False
Wesley LeBlanc,wesley-leblanc,False,False
Will Friedle,will-friedle,False,False
Will Smith,will-smith,False,False
William Chyr,william-chyr,False,False
Xalavier Nelson Jr.,xalavier-nelson-jr,False,False
Xyger (KFBF),xyger-kfbf,False,False
Yamilia Avendaño,yamilia-avendano,False,False
Yann Yann Yeo,yann-yann-yeo,False,False
YongYea,yongyea,False,False
Youssef Maguid,youssef-maguid,False,False
Zach Ryan,zach-ryan,False,False
Zack Zwiezen,zack-zwiezen,False,False
Zacq Wenzel,zacq-wenzel,False,False
Zak Schneider,zak-schneider,False,False
ZombaeKillz,zombaekillz,False,False
